{"cameraMode":{"drawMode":0,"name":"Shaded","section":"Shading Mode"},"sceneLighting":true,"audioPlay":false,"sceneViewState":{"showFog":true,"showMaterialUpdate":false,"showSkybox":true,"showFlares":true,"showImageEffects":true,"showParticleSystems":true},"in2DMode":false,"pivot":{"x":33.627750396728519,"y":5.125028610229492,"z":-24.408950805664064},"rotation":{"x":0.01372440718114376,"y":-0.932978630065918,"z":-0.0358438603579998,"w":-0.35791271924972536},"size":37.36883544921875,"orthographic":false}