{"cameraMode":{"drawMode":0,"name":"Shaded","section":"Shading Mode"},"sceneLighting":true,"audioPlay":false,"sceneViewState":{"showFog":true,"showMaterialUpdate":false,"showSkybox":true,"showFlares":true,"showImageEffects":true,"showParticleSystems":true},"in2DMode":false,"pivot":{"x":22.448471069335939,"y":1.2418149709701539,"z":28.895774841308595},"rotation":{"x":-0.04699541628360748,"y":0.06413282454013825,"z":-0.003061863826587796,"w":-0.9968761205673218},"size":4.112896919250488,"orthographic":false}