{"cameraMode":{"drawMode":0,"name":"Shaded","section":"Shading Mode"},"sceneLighting":false,"audioPlay":false,"sceneViewState":{"showFog":true,"showMaterialUpdate":false,"showSkybox":false,"showFlares":true,"showImageEffects":true,"showParticleSystems":true},"in2DMode":false,"pivot":{"x":18.8799991607666,"y":1.2400000095367432,"z":-12.449999809265137},"rotation":{"x":0.40633079409599306,"y":0.3690929710865021,"z":-0.18394045531749726,"w":0.8153967261314392},"size":7.631582736968994,"orthographic":false}