{"cameraMode":{"drawMode":0,"name":"Shaded","section":"Shading Mode"},"sceneLighting":false,"audioPlay":false,"sceneViewState":{"showFog":true,"showMaterialUpdate":false,"showSkybox":false,"showFlares":true,"showImageEffects":true,"showParticleSystems":true},"in2DMode":false,"pivot":{"x":-0.44803759455680849,"y":1.90093994140625,"z":6.849999904632568},"rotation":{"x":0.40633079409599306,"y":0.3690929710865021,"z":-0.18394045531749726,"w":0.8153967261314392},"size":7.044614315032959,"orthographic":false}