{"cameraMode":{"drawMode":0,"name":"Shaded","section":"Shading Mode"},"sceneLighting":false,"audioPlay":false,"sceneViewState":{"showFog":true,"showMaterialUpdate":false,"showSkybox":false,"showFlares":true,"showImageEffects":true,"showParticleSystems":true},"in2DMode":false,"pivot":{"x":14.96238899230957,"y":1.7909399271011353,"z":-0.9590344429016113},"rotation":{"x":0.006923326291143894,"y":0.955087423324585,"z":-0.0223607886582613,"w":0.29547613859176638},"size":11.022721290588379,"orthographic":false}