{"cameraMode":{"drawMode":0,"name":"Shaded","section":"Shading Mode"},"sceneLighting":true,"audioPlay":false,"sceneViewState":{"showFog":true,"showMaterialUpdate":false,"showSkybox":true,"showFlares":true,"showImageEffects":true,"showParticleSystems":true},"in2DMode":false,"pivot":{"x":1.6379375457763672,"y":0.04858958721160889,"z":-12.957276344299317},"rotation":{"x":-0.0951898992061615,"y":0.6075341105461121,"z":-0.07357928156852722,"w":-0.7851740717887878},"size":5.927699565887451,"orthographic":false}